{
  "name": "bitluni ESP32Lib",
  "keywords": "VGA, audio, I2S, 3d, game, engine, mesh, gamepad, controller, NES, SNES, input, output, graphics, font, arduino, esp32, driver, display, bitluni",
  "description": "Provides VGA, Game Controller (NES, SNES), Audio support for the ESP32. The graphics engine supports sprites, animations and 3d meshes.",
  "repository":
  {
    "type": "git",
    "url": "https://github.com/bitluni/ESP32Lib.git"
  },
  "authors":
  [
    {
      "name": "bitluni",
      "email": "platformio@bitluni.net",
      "url": "https://github.com/bitluni",
      "maintainer": true
    }
  ],
  "version": "0.3.4",
  "frameworks": "arduino",
  "platforms": "espressif32"
}
